﻿Domaine,Zone,Élément,Produit,Année,Unité,Valeur
"Profil statistique national sur l’investissement","Afghanistan","Valeur US $","Agriculture, sylviculture, pêche (Administration Centrale)","2017","Millions d’USD","288.42"
"Profil statistique national sur l’investissement","Afrique du Sud","Valeur US $","Agriculture, sylviculture, pêche (Administration Centrale)","2017","Millions d’USD","923.67"
"Profil statistique national sur l’investissement","Albanie","Valeur US $","Agriculture, sylviculture, pêche (Administration Centrale)","2017","Millions d’USD","68.52"
"Profil statistique national sur l’investissement","Algérie","Valeur US $","Agriculture, sylviculture, pêche (Administration Centrale)","2017","Millions d’USD","1927.96"
"Profil statistique national sur l’investissement","Angola","Valeur US $","Agriculture, sylviculture, pêche (Administration Centrale)","2017","Millions d’USD","197.6"
"Profil statistique national sur l’investissement","Antigua-et-Barbuda","Valeur US $","Agriculture, sylviculture, pêche (Administration Centrale)","2017","Millions d’USD","5.64"
"Profil statistique national sur l’investissement","Arabie saoudite","Valeur US $","Agriculture, sylviculture, pêche (Administration Centrale)","2017","Millions d’USD","1330.93"
"Profil statistique national sur l’investissement","Argentine","Valeur US $","Agriculture, sylviculture, pêche (Administration Centrale)","2017","Millions d’USD","710.69"
"Profil statistique national sur l’investissement","Arménie","Valeur US $","Agriculture, sylviculture, pêche (Administration Centrale)","2017","Millions d’USD","78.58"
"Profil statistique national sur l’investissement","Australie","Valeur US $","Agriculture, sylviculture, pêche (Administration Centrale)","2017","Millions d’USD","2073.95"
"Profil statistique national sur l’investissement","Azerbaïdjan","Valeur US $","Agriculture, sylviculture, pêche (Administration Centrale)","2017","Millions d’USD","281.5"
"Profil statistique national sur l’investissement","Bahamas","Valeur US $","Agriculture, sylviculture, pêche (Administration Centrale)","2017","Millions d’USD","28.63"
"Profil statistique national sur l’investissement","Bahreïn","Valeur US $","Agriculture, sylviculture, pêche (Administration Centrale)","2017","Millions d’USD","21.6"
"Profil statistique national sur l’investissement","Bangladesh","Valeur US $","Agriculture, sylviculture, pêche (Administration Centrale)","2017","Millions d’USD","2099.77"
"Profil statistique national sur l’investissement","Bélarus","Valeur US $","Agriculture, sylviculture, pêche (Administration Centrale)","2017","Millions d’USD","607.24"
"Profil statistique national sur l’investissement","Belgique","Valeur US $","Agriculture, sylviculture, pêche (Administration Centrale)","2017","Millions d’USD","0"
"Profil statistique national sur l’investissement","Belize","Valeur US $","Agriculture, sylviculture, pêche (Administration Centrale)","2017","Millions d’USD","8.13"
"Profil statistique national sur l’investissement","Bénin","Valeur US $","Agriculture, sylviculture, pêche (Administration Centrale)","2017","Millions d’USD","188.99"
"Profil statistique national sur l’investissement","Bhoutan","Valeur US $","Agriculture, sylviculture, pêche (Administration Centrale)","2017","Millions d’USD","103.88"
"Profil statistique national sur l’investissement","Bolivie (État plurinational de)","Valeur US $","Agriculture, sylviculture, pêche (Administration Centrale)","2017","Millions d’USD","174.38"
"Profil statistique national sur l’investissement","Botswana","Valeur US $","Agriculture, sylviculture, pêche (Administration Centrale)","2017","Millions d’USD","195.17"
"Profil statistique national sur l’investissement","Brésil","Valeur US $","Agriculture, sylviculture, pêche (Administration Centrale)","2017","Millions d’USD","6342.84"
"Profil statistique national sur l’investissement","Brunéi Darussalam","Valeur US $","Agriculture, sylviculture, pêche (Administration Centrale)","2017","Millions d’USD","16.32"
"Profil statistique national sur l’investissement","Bulgarie","Valeur US $","Agriculture, sylviculture, pêche (Administration Centrale)","2017","Millions d’USD","472.42"
"Profil statistique national sur l’investissement","Burkina Faso","Valeur US $","Agriculture, sylviculture, pêche (Administration Centrale)","2017","Millions d’USD","151.23"
"Profil statistique national sur l’investissement","Burundi","Valeur US $","Agriculture, sylviculture, pêche (Administration Centrale)","2017","Millions d’USD","22.42"
"Profil statistique national sur l’investissement","Cabo Verde","Valeur US $","Agriculture, sylviculture, pêche (Administration Centrale)","2017","Millions d’USD","13.17"
"Profil statistique national sur l’investissement","Cambodge","Valeur US $","Agriculture, sylviculture, pêche (Administration Centrale)","2017","Millions d’USD","116.8"
"Profil statistique national sur l’investissement","Cameroun","Valeur US $","Agriculture, sylviculture, pêche (Administration Centrale)","2017","Millions d’USD","199.77"
"Profil statistique national sur l’investissement","Canada","Valeur US $","Agriculture, sylviculture, pêche (Administration Centrale)","2017","Millions d’USD","2420.69"
"Profil statistique national sur l’investissement","Chili","Valeur US $","Agriculture, sylviculture, pêche (Administration Centrale)","2017","Millions d’USD","1056.49"
"Profil statistique national sur l’investissement","Chine, continentale","Valeur US $","Agriculture, sylviculture, pêche (Administration Centrale)","2017","Millions d’USD","10486.25"
"Profil statistique national sur l’investissement","Chypre","Valeur US $","Agriculture, sylviculture, pêche (Administration Centrale)","2017","Millions d’USD","123.93"
"Profil statistique national sur l’investissement","Colombie","Valeur US $","Agriculture, sylviculture, pêche (Administration Centrale)","2017","Millions d’USD","662.72"
"Profil statistique national sur l’investissement","Congo","Valeur US $","Agriculture, sylviculture, pêche (Administration Centrale)","2017","Millions d’USD","25.97"
"Profil statistique national sur l’investissement","Costa Rica","Valeur US $","Agriculture, sylviculture, pêche (Administration Centrale)","2017","Millions d’USD","200.41"
"Profil statistique national sur l’investissement","Côte d'Ivoire","Valeur US $","Agriculture, sylviculture, pêche (Administration Centrale)","2017","Millions d’USD","162.76"
"Profil statistique national sur l’investissement","Croatie","Valeur US $","Agriculture, sylviculture, pêche (Administration Centrale)","2017","Millions d’USD","360.6"
"Profil statistique national sur l’investissement","Cuba","Valeur US $","Agriculture, sylviculture, pêche (Administration Centrale)","2017","Millions d’USD","3033.42"
"Profil statistique national sur l’investissement","Danemark","Valeur US $","Agriculture, sylviculture, pêche (Administration Centrale)","2017","Millions d’USD","505.54"
"Profil statistique national sur l’investissement","Dominique","Valeur US $","Agriculture, sylviculture, pêche (Administration Centrale)","2017","Millions d’USD","5.91"
"Profil statistique national sur l’investissement","Égypte","Valeur US $","Agriculture, sylviculture, pêche (Administration Centrale)","2017","Millions d’USD","737.41"
"Profil statistique national sur l’investissement","El Salvador","Valeur US $","Agriculture, sylviculture, pêche (Administration Centrale)","2017","Millions d’USD","70.8"
"Profil statistique national sur l’investissement","Équateur","Valeur US $","Agriculture, sylviculture, pêche (Administration Centrale)","2017","Millions d’USD","264.04"
"Profil statistique national sur l’investissement","Espagne","Valeur US $","Agriculture, sylviculture, pêche (Administration Centrale)","2017","Millions d’USD","617.94"
"Profil statistique national sur l’investissement","Estonie","Valeur US $","Agriculture, sylviculture, pêche (Administration Centrale)","2017","Millions d’USD","146.63"
"Profil statistique national sur l’investissement","Eswatini","Valeur US $","Agriculture, sylviculture, pêche (Administration Centrale)","2017","Millions d’USD","26.01"
"Profil statistique national sur l’investissement","États-Unis d'Amérique","Valeur US $","Agriculture, sylviculture, pêche (Administration Centrale)","2017","Millions d’USD","22000"
"Profil statistique national sur l’investissement","Éthiopie","Valeur US $","Agriculture, sylviculture, pêche (Administration Centrale)","2017","Millions d’USD","1008.32"
"Profil statistique national sur l’investissement","Fédération de Russie","Valeur US $","Agriculture, sylviculture, pêche (Administration Centrale)","2017","Millions d’USD","5109.58"
"Profil statistique national sur l’investissement","Fidji","Valeur US $","Agriculture, sylviculture, pêche (Administration Centrale)","2017","Millions d’USD","25.79"
"Profil statistique national sur l’investissement","Finlande","Valeur US $","Agriculture, sylviculture, pêche (Administration Centrale)","2017","Millions d’USD","1685.48"
"Profil statistique national sur l’investissement","France","Valeur US $","Agriculture, sylviculture, pêche (Administration Centrale)","2017","Millions d’USD","4690.44"
"Profil statistique national sur l’investissement","Gabon","Valeur US $","Agriculture, sylviculture, pêche (Administration Centrale)","2017","Millions d’USD","7.48"
"Profil statistique national sur l’investissement","Gambie","Valeur US $","Agriculture, sylviculture, pêche (Administration Centrale)","2017","Millions d’USD","6.2"
"Profil statistique national sur l’investissement","Géorgie","Valeur US $","Agriculture, sylviculture, pêche (Administration Centrale)","2017","Millions d’USD","88.34"
"Profil statistique national sur l’investissement","Ghana","Valeur US $","Agriculture, sylviculture, pêche (Administration Centrale)","2017","Millions d’USD","65.06"
"Profil statistique national sur l’investissement","Grèce","Valeur US $","Agriculture, sylviculture, pêche (Administration Centrale)","2017","Millions d’USD","468.82"
"Profil statistique national sur l’investissement","Grenade","Valeur US $","Agriculture, sylviculture, pêche (Administration Centrale)","2017","Millions d’USD","3.86"
"Profil statistique national sur l’investissement","Guatemala","Valeur US $","Agriculture, sylviculture, pêche (Administration Centrale)","2017","Millions d’USD","161.84"
"Profil statistique national sur l’investissement","Guinée","Valeur US $","Agriculture, sylviculture, pêche (Administration Centrale)","2017","Millions d’USD","34.59"
"Profil statistique national sur l’investissement","Guinée équatoriale","Valeur US $","Agriculture, sylviculture, pêche (Administration Centrale)","2017","Millions d’USD","18.75"
"Profil statistique national sur l’investissement","Guinée-Bissau","Valeur US $","Agriculture, sylviculture, pêche (Administration Centrale)","2017","Millions d’USD","6.73"
"Profil statistique national sur l’investissement","Guyana","Valeur US $","Agriculture, sylviculture, pêche (Administration Centrale)","2017","Millions d’USD","103.48"
"Profil statistique national sur l’investissement","Haïti","Valeur US $","Agriculture, sylviculture, pêche (Administration Centrale)","2017","Millions d’USD","115.47"
"Profil statistique national sur l’investissement","Honduras","Valeur US $","Agriculture, sylviculture, pêche (Administration Centrale)","2017","Millions d’USD","97.57"
"Profil statistique national sur l’investissement","Hongrie","Valeur US $","Agriculture, sylviculture, pêche (Administration Centrale)","2017","Millions d’USD","734.8"
"Profil statistique national sur l’investissement","Îles Marshall","Valeur US $","Agriculture, sylviculture, pêche (Administration Centrale)","2017","Millions d’USD","2.02"
"Profil statistique national sur l’investissement","Îles Salomon","Valeur US $","Agriculture, sylviculture, pêche (Administration Centrale)","2017","Millions d’USD","22.04"
"Profil statistique national sur l’investissement","Inde","Valeur US $","Agriculture, sylviculture, pêche (Administration Centrale)","2017","Millions d’USD","21226.45"
"Profil statistique national sur l’investissement","Indonésie","Valeur US $","Agriculture, sylviculture, pêche (Administration Centrale)","2017","Millions d’USD","6446.21"
"Profil statistique national sur l’investissement","Irlande","Valeur US $","Agriculture, sylviculture, pêche (Administration Centrale)","2017","Millions d’USD","918.93"
"Profil statistique national sur l’investissement","Islande","Valeur US $","Agriculture, sylviculture, pêche (Administration Centrale)","2017","Millions d’USD","186.86"
"Profil statistique national sur l’investissement","Israël","Valeur US $","Agriculture, sylviculture, pêche (Administration Centrale)","2017","Millions d’USD","505.87"
"Profil statistique national sur l’investissement","Italie","Valeur US $","Agriculture, sylviculture, pêche (Administration Centrale)","2017","Millions d’USD","1805.91"
"Profil statistique national sur l’investissement","Jamaïque","Valeur US $","Agriculture, sylviculture, pêche (Administration Centrale)","2017","Millions d’USD","85.26"
"Profil statistique national sur l’investissement","Jordanie","Valeur US $","Agriculture, sylviculture, pêche (Administration Centrale)","2017","Millions d’USD","82.39"
"Profil statistique national sur l’investissement","Kazakhstan","Valeur US $","Agriculture, sylviculture, pêche (Administration Centrale)","2017","Millions d’USD","543.18"
"Profil statistique national sur l’investissement","Kenya","Valeur US $","Agriculture, sylviculture, pêche (Administration Centrale)","2017","Millions d’USD","390.12"
"Profil statistique national sur l’investissement","Kirghizistan","Valeur US $","Agriculture, sylviculture, pêche (Administration Centrale)","2017","Millions d’USD","27.51"
"Profil statistique national sur l’investissement","Kiribati","Valeur US $","Agriculture, sylviculture, pêche (Administration Centrale)","2017","Millions d’USD","2.18"
"Profil statistique national sur l’investissement","Lesotho","Valeur US $","Agriculture, sylviculture, pêche (Administration Centrale)","2017","Millions d’USD","35.24"
"Profil statistique national sur l’investissement","Lettonie","Valeur US $","Agriculture, sylviculture, pêche (Administration Centrale)","2017","Millions d’USD","151.23"
"Profil statistique national sur l’investissement","Liban","Valeur US $","Agriculture, sylviculture, pêche (Administration Centrale)","2017","Millions d’USD","50.37"
"Profil statistique national sur l’investissement","Libéria","Valeur US $","Agriculture, sylviculture, pêche (Administration Centrale)","2017","Millions d’USD","6"
"Profil statistique national sur l’investissement","Lituanie","Valeur US $","Agriculture, sylviculture, pêche (Administration Centrale)","2017","Millions d’USD","262.85"
"Profil statistique national sur l’investissement","Luxembourg","Valeur US $","Agriculture, sylviculture, pêche (Administration Centrale)","2017","Millions d’USD","150.96"
"Profil statistique national sur l’investissement","Madagascar","Valeur US $","Agriculture, sylviculture, pêche (Administration Centrale)","2017","Millions d’USD","79.2"
"Profil statistique national sur l’investissement","Malaisie","Valeur US $","Agriculture, sylviculture, pêche (Administration Centrale)","2017","Millions d’USD","1557.51"
"Profil statistique national sur l’investissement","Malawi","Valeur US $","Agriculture, sylviculture, pêche (Administration Centrale)","2017","Millions d’USD","251.51"
"Profil statistique national sur l’investissement","Maldives","Valeur US $","Agriculture, sylviculture, pêche (Administration Centrale)","2017","Millions d’USD","1.95"
"Profil statistique national sur l’investissement","Malte","Valeur US $","Agriculture, sylviculture, pêche (Administration Centrale)","2017","Millions d’USD","50.4"
"Profil statistique national sur l’investissement","Maroc","Valeur US $","Agriculture, sylviculture, pêche (Administration Centrale)","2017","Millions d’USD","1153.64"
"Profil statistique national sur l’investissement","Maurice","Valeur US $","Agriculture, sylviculture, pêche (Administration Centrale)","2017","Millions d’USD","70.25"
"Profil statistique national sur l’investissement","Mexique","Valeur US $","Agriculture, sylviculture, pêche (Administration Centrale)","2017","Millions d’USD","3781.61"
"Profil statistique national sur l’investissement","Micronésie (États fédérés de)","Valeur US $","Agriculture, sylviculture, pêche (Administration Centrale)","2017","Millions d’USD","4.39"
"Profil statistique national sur l’investissement","Mongolie","Valeur US $","Agriculture, sylviculture, pêche (Administration Centrale)","2017","Millions d’USD","40.88"
"Profil statistique national sur l’investissement","Mozambique","Valeur US $","Agriculture, sylviculture, pêche (Administration Centrale)","2017","Millions d’USD","79.34"
"Profil statistique national sur l’investissement","Myanmar","Valeur US $","Agriculture, sylviculture, pêche (Administration Centrale)","2017","Millions d’USD","365.49"
"Profil statistique national sur l’investissement","Namibie","Valeur US $","Agriculture, sylviculture, pêche (Administration Centrale)","2017","Millions d’USD","140.87"
"Profil statistique national sur l’investissement","Nauru","Valeur US $","Agriculture, sylviculture, pêche (Administration Centrale)","2017","Millions d’USD","1.47"
"Profil statistique national sur l’investissement","Népal","Valeur US $","Agriculture, sylviculture, pêche (Administration Centrale)","2017","Millions d’USD","735.31"
"Profil statistique national sur l’investissement","Nicaragua","Valeur US $","Agriculture, sylviculture, pêche (Administration Centrale)","2017","Millions d’USD","19.27"
"Profil statistique national sur l’investissement","Niger","Valeur US $","Agriculture, sylviculture, pêche (Administration Centrale)","2017","Millions d’USD","124.11"
"Profil statistique national sur l’investissement","Nigéria","Valeur US $","Agriculture, sylviculture, pêche (Administration Centrale)","2017","Millions d’USD","459.14"
"Profil statistique national sur l’investissement","Norvège","Valeur US $","Agriculture, sylviculture, pêche (Administration Centrale)","2017","Millions d’USD","2352.49"
"Profil statistique national sur l’investissement","Nouvelle-Calédonie","Valeur US $","Agriculture, sylviculture, pêche (Administration Centrale)","2017","Millions d’USD","38.7"
"Profil statistique national sur l’investissement","Nouvelle-Zélande","Valeur US $","Agriculture, sylviculture, pêche (Administration Centrale)","2017","Millions d’USD","481.86"
"Profil statistique national sur l’investissement","Oman","Valeur US $","Agriculture, sylviculture, pêche (Administration Centrale)","2017","Millions d’USD","141.74"
"Profil statistique national sur l’investissement","Ouganda","Valeur US $","Agriculture, sylviculture, pêche (Administration Centrale)","2017","Millions d’USD","240.47"
"Profil statistique national sur l’investissement","Ouzbékistan","Valeur US $","Agriculture, sylviculture, pêche (Administration Centrale)","2017","Millions d’USD","594.36"
"Profil statistique national sur l’investissement","Pakistan","Valeur US $","Agriculture, sylviculture, pêche (Administration Centrale)","2017","Millions d’USD","684.01"
"Profil statistique national sur l’investissement","Palaos","Valeur US $","Agriculture, sylviculture, pêche (Administration Centrale)","2017","Millions d’USD","0.64"
"Profil statistique national sur l’investissement","Palestine","Valeur US $","Agriculture, sylviculture, pêche (Administration Centrale)","2017","Millions d’USD","35.83"
"Profil statistique national sur l’investissement","Panama","Valeur US $","Agriculture, sylviculture, pêche (Administration Centrale)","2017","Millions d’USD","187.83"
"Profil statistique national sur l’investissement","Papouasie-Nouvelle-Guinée","Valeur US $","Agriculture, sylviculture, pêche (Administration Centrale)","2017","Millions d’USD","49.99"
"Profil statistique national sur l’investissement","Paraguay","Valeur US $","Agriculture, sylviculture, pêche (Administration Centrale)","2017","Millions d’USD","161.4"
"Profil statistique national sur l’investissement","Pays-Bas (Royaume des)","Valeur US $","Agriculture, sylviculture, pêche (Administration Centrale)","2017","Millions d’USD","901.49"
"Profil statistique national sur l’investissement","Pérou","Valeur US $","Agriculture, sylviculture, pêche (Administration Centrale)","2017","Millions d’USD","327.22"
"Profil statistique national sur l’investissement","Philippines","Valeur US $","Agriculture, sylviculture, pêche (Administration Centrale)","2017","Millions d’USD","2499.68"
"Profil statistique national sur l’investissement","Pologne","Valeur US $","Agriculture, sylviculture, pêche (Administration Centrale)","2017","Millions d’USD","2166.25"
"Profil statistique national sur l’investissement","Portugal","Valeur US $","Agriculture, sylviculture, pêche (Administration Centrale)","2017","Millions d’USD","455.08"
"Profil statistique national sur l’investissement","République centrafricaine","Valeur US $","Agriculture, sylviculture, pêche (Administration Centrale)","2017","Millions d’USD","15.93"
"Profil statistique national sur l’investissement","République de Moldova","Valeur US $","Agriculture, sylviculture, pêche (Administration Centrale)","2017","Millions d’USD","87.2"
"Profil statistique national sur l’investissement","République démocratique du Congo","Valeur US $","Agriculture, sylviculture, pêche (Administration Centrale)","2017","Millions d’USD","39.65"
"Profil statistique national sur l’investissement","République dominicaine","Valeur US $","Agriculture, sylviculture, pêche (Administration Centrale)","2017","Millions d’USD","320.15"
"Profil statistique national sur l’investissement","République-Unie de Tanzanie","Valeur US $","Agriculture, sylviculture, pêche (Administration Centrale)","2017","Millions d’USD","191.45"
"Profil statistique national sur l’investissement","Roumanie","Valeur US $","Agriculture, sylviculture, pêche (Administration Centrale)","2017","Millions d’USD","1402.5"
"Profil statistique national sur l’investissement","Royaume-Uni de Grande-Bretagne et d'Irlande du Nord","Valeur US $","Agriculture, sylviculture, pêche (Administration Centrale)","2017","Millions d’USD","2791.5"
"Profil statistique national sur l’investissement","Rwanda","Valeur US $","Agriculture, sylviculture, pêche (Administration Centrale)","2017","Millions d’USD","63.93"
"Profil statistique national sur l’investissement","Sainte-Lucie","Valeur US $","Agriculture, sylviculture, pêche (Administration Centrale)","2017","Millions d’USD","14.09"
"Profil statistique national sur l’investissement","Saint-Kitts-et-Nevis","Valeur US $","Agriculture, sylviculture, pêche (Administration Centrale)","2017","Millions d’USD","7.88"
"Profil statistique national sur l’investissement","Saint-Vincent-et-les Grenadines","Valeur US $","Agriculture, sylviculture, pêche (Administration Centrale)","2017","Millions d’USD","5.6"
"Profil statistique national sur l’investissement","Samoa","Valeur US $","Agriculture, sylviculture, pêche (Administration Centrale)","2017","Millions d’USD","17.53"
"Profil statistique national sur l’investissement","Sao Tomé-et-Principe","Valeur US $","Agriculture, sylviculture, pêche (Administration Centrale)","2017","Millions d’USD","5.76"
"Profil statistique national sur l’investissement","Sénégal","Valeur US $","Agriculture, sylviculture, pêche (Administration Centrale)","2017","Millions d’USD","131.76"
"Profil statistique national sur l’investissement","Serbie","Valeur US $","Agriculture, sylviculture, pêche (Administration Centrale)","2017","Millions d’USD","399.97"
"Profil statistique national sur l’investissement","Seychelles","Valeur US $","Agriculture, sylviculture, pêche (Administration Centrale)","2017","Millions d’USD","9.18"
"Profil statistique national sur l’investissement","Sierra Leone","Valeur US $","Agriculture, sylviculture, pêche (Administration Centrale)","2017","Millions d’USD","14.81"
"Profil statistique national sur l’investissement","Singapour","Valeur US $","Agriculture, sylviculture, pêche (Administration Centrale)","2017","Millions d’USD","164.89"
"Profil statistique national sur l’investissement","Slovaquie","Valeur US $","Agriculture, sylviculture, pêche (Administration Centrale)","2017","Millions d’USD","239.49"
"Profil statistique national sur l’investissement","Slovénie","Valeur US $","Agriculture, sylviculture, pêche (Administration Centrale)","2017","Millions d’USD","213.27"
"Profil statistique national sur l’investissement","Somalie","Valeur US $","Agriculture, sylviculture, pêche (Administration Centrale)","2017","Millions d’USD","2.76"
"Profil statistique national sur l’investissement","Sri Lanka","Valeur US $","Agriculture, sylviculture, pêche (Administration Centrale)","2017","Millions d’USD","906.04"
"Profil statistique national sur l’investissement","Suède","Valeur US $","Agriculture, sylviculture, pêche (Administration Centrale)","2017","Millions d’USD","697.05"
"Profil statistique national sur l’investissement","Suisse","Valeur US $","Agriculture, sylviculture, pêche (Administration Centrale)","2017","Millions d’USD","3823.12"
"Profil statistique national sur l’investissement","Suriname","Valeur US $","Agriculture, sylviculture, pêche (Administration Centrale)","2017","Millions d’USD","12.15"
"Profil statistique national sur l’investissement","Tchad","Valeur US $","Agriculture, sylviculture, pêche (Administration Centrale)","2017","Millions d’USD","36.53"
"Profil statistique national sur l’investissement","Tchéquie","Valeur US $","Agriculture, sylviculture, pêche (Administration Centrale)","2017","Millions d’USD","2248.86"
"Profil statistique national sur l’investissement","Thaïlande","Valeur US $","Agriculture, sylviculture, pêche (Administration Centrale)","2017","Millions d’USD","6017.61"
"Profil statistique national sur l’investissement","Togo","Valeur US $","Agriculture, sylviculture, pêche (Administration Centrale)","2017","Millions d’USD","96.06"
"Profil statistique national sur l’investissement","Tonga","Valeur US $","Agriculture, sylviculture, pêche (Administration Centrale)","2017","Millions d’USD","7.7"
"Profil statistique national sur l’investissement","Trinité-et-Tobago","Valeur US $","Agriculture, sylviculture, pêche (Administration Centrale)","2017","Millions d’USD","90.32"
"Profil statistique national sur l’investissement","Tunisie","Valeur US $","Agriculture, sylviculture, pêche (Administration Centrale)","2017","Millions d’USD","558.14"
"Profil statistique national sur l’investissement","Turquie","Valeur US $","Agriculture, sylviculture, pêche (Administration Centrale)","2017","Millions d’USD","8440.44"
"Profil statistique national sur l’investissement","Ukraine","Valeur US $","Agriculture, sylviculture, pêche (Administration Centrale)","2017","Millions d’USD","416.29"
"Profil statistique national sur l’investissement","Uruguay","Valeur US $","Agriculture, sylviculture, pêche (Administration Centrale)","2017","Millions d’USD","147.11"
"Profil statistique national sur l’investissement","Vanuatu","Valeur US $","Agriculture, sylviculture, pêche (Administration Centrale)","2017","Millions d’USD","7"
"Profil statistique national sur l’investissement","Viet Nam","Valeur US $","Agriculture, sylviculture, pêche (Administration Centrale)","2017","Millions d’USD","521.59"
"Profil statistique national sur l’investissement","Zambie","Valeur US $","Agriculture, sylviculture, pêche (Administration Centrale)","2017","Millions d’USD","454.23"
